id,category,rule,sources,status,certainty
R-ELIG-01,신청자격,장기요양인정 신청 대상은 '노인등'(65세 이상 또는 65세 미만으로서 대통령령으로 정하는 노인성 질병을 가진 자) 중 장기요양보험가입자·피부양자 또는 의료급여수급권자,"SRC-LAW-ACT 제2조제1호, 제12조; SRC-LAW-DECREE 제2조",OFFICIAL_VERIFIED,법령상 명확
R-ELIG-02,신청자격,"65세 미만은 시행령 [별표 1]의 노인성 질병(치매 F00~F03·알츠하이머병 G30, 뇌혈관질환 I60~I69, 파킨슨병·파킨슨증 G20~G23, 중풍후유증 U23.4, 진전 R25.1, 척수성 근위축 G12, G13*, 다발경화증 G35 등 24종)이 있어야 신청 가능. 목록: data/geriatric_diseases.json","SRC-LAW-DECREE 제2조, [별표 1]",OFFICIAL_VERIFIED,법령상 명확. 진단 해당 여부는 의사소견서·진단서로 공단이 확인
R-ELIG-03,등급판정 요건,등급판정위원회는 신청인이 6개월 이상 동안 혼자서 일상생활을 수행하기 어렵다고 인정되는 경우 등급을 판정,SRC-LAW-ACT 제15조,OFFICIAL_VERIFIED,"기준은 법령상 명확, 적용은 위원회 판단(현장 변동)"
R-APPLY-01,신청,신청은 공단에 장기요양인정신청서(시행규칙 별지 제1호의2서식)와 의사소견서(별지 제2호서식)를 제출,"SRC-LAW-ACT 제13조; SRC-LAW-RULE 제2조, 별지 제1호의2·제2호",OFFICIAL_VERIFIED,법령상 명확
R-APPLY-02,의사소견서 제출 시기,"의사소견서는 공단이 등급판정위원회에 자료를 제출하기 전까지 제출 가능. 65세 미만이 신청 시 소견서를 안 내면 노인성 질병 확인 진단서 등 첨부. 신청 시 소견서가 없으면 공단이 조사 후 의사소견서 발급의뢰서(별지 제3호)를 발부하고, 신청인은 이를 의료기관(보건소 포함)에 제출해 발급받아 공단에 제출",SRC-LAW-ACT 제13조; SRC-LAW-RULE 제2조제2항,OFFICIAL_VERIFIED,법령상 명확
R-APPLY-03,의사소견서 제출 제외,의사소견서 제출 제외: ① 공단 조사 결과 1·2등급이 예상되는 자로서 복지부장관이 고시하는 거동불편자(공단 직원 확인) ② 복지부장관이 고시하는 도서·벽지 거주자. 해당하면 공단이 신청인에게 통보,"SRC-LAW-ACT 제13조②; SRC-LAW-DECREE 제6조; SRC-LAW-RULE 제2조③제1호, 제3조",OFFICIAL_VERIFIED,"요건은 명확, 해당 여부는 공단 판단. 거동불편자·도서벽지 고시 원문 미확보"
R-APPLY-04,대리신청,본인이 신체적·정신적 사유로 직접 신청할 수 없을 때 가족·친족·이해관계인이 대리 가능. 사회복지전담공무원·치매안심센터장(치매환자 한정)은 관할 거주자에 대해 '본인 또는 가족의 동의'를 받아 대리 가능. 이들이 없으면 시장·군수·구청장 지정자. 가족 대리 시 제시 서류는 '대리인의 신분증'으로 규정,"SRC-LAW-ACT 제22조; SRC-LAW-RULE 제10조, 별지 제9호",OFFICIAL_VERIFIED,법령상 명확. 법령상 가족관계 증빙 요구 규정은 없음(지사 실무 요구 여부는 별도 확인)
R-APPLY-05,신청 방법,"신청·갱신·변경·대리신청 모두 공단 정보통신망(온라인)으로 가능(2025.2.28 신설). 신분 확인은 실명확인 인증서 또는 행정전자서명, 서류도 온라인 제출 가능. 방문·우편·팩스 신청도 가능(공단 안내)",SRC-LAW-RULE 제10조의2; SRC-NHIS-APPLY 신청 방법(구 안내 - 온라인 범위 불일치),OFFICIAL_VERIFIED,온라인 신청 범위는 법령상 명확. 공단 안내 페이지는 구 기준으로 보임
R-PROC-01,판정기간,등급판정은 신청서 제출일부터 30일 이내 완료. 정밀조사 등 부득이한 경우 30일 이내 범위에서 연장 가능하며 신청인·대리인에게 사유·기간 통보,SRC-LAW-ACT 제16조,OFFICIAL_VERIFIED,법정기한 명확. 실제 소요기간은 변동
R-PROC-02,방문조사,"공단 소속 직원이 심신상태 등을 조사하며, 조사 일시·장소·담당자를 미리 통보. 지리적 사정 등으로 시·군·구에 조사 의뢰 가능","SRC-LAW-ACT 제14조; SRC-LAW-RULE 제5조, 별지 제5호(장기요양인정조사표)",OFFICIAL_VERIFIED,법령상 명확
R-GRADE-01,등급 기준,장기요양인정점수: 1등급 95점 이상 / 2등급 75~95 미만 / 3등급 60~75 미만 / 4등급 51~60 미만 / 5등급 치매환자로서 45~51 미만 / 인지지원등급 치매환자로서 45 미만,SRC-LAW-DECREE 제7조,OFFICIAL_VERIFIED,법령상 명확
R-GRADE-02,등급 기준,5등급·인지지원등급은 '치매(시행령 제2조의 노인성 질병에 해당하는 치매로 한정)환자'일 것을 요건으로 함,SRC-LAW-DECREE 제7조,OFFICIAL_VERIFIED,법령상 명확. 치매 진단 확인 방법은 의사소견서 등으로 공단 판단
R-GRADE-03,점수 산정,"인정점수 = 52개 항목 원점수 → 영역별 100점 환산표 → 8개 서비스군 수형분석도 → 합산, 치매 회귀모형(별표2) 보정. 환산표·회귀식은 텍스트로 확보(data/grading_formula.json), 수형분석도는 그림이라 구조 미확보","SRC-NOTICE-GRADING 산정방법 조문, [별표1], [별표2]",OFFICIAL_VERIFIED,산정 방식 공개 확인. 트리 구조·현행 적용 항목 수 미확정
R-VALID-01,유효기간,"유효기간 최초 2년. 갱신 시 1등급 5년, 2~4등급 4년, 5등급·인지지원등급 2년. 등급판정위원회가 6개월 범위에서 조정 가능",SRC-LAW-ACT 제19조; SRC-LAW-DECREE 제8조; SRC-2ND-VALIDITY 개정 전후 비교(보조),OFFICIAL_VERIFIED,법령상 명확. 개정(2025.7.1) 경과규정은 부칙 확인 필요
R-VALID-02,갱신,"갱신 신청은 유효기간 만료 90일 전부터 30일 전까지, 갱신신청서(별지 제1호의2)에 의사소견서를 첨부해 공단에 제출. 공단이 업무 중 갱신 의사를 확인하면 갱신 신청으로 봄. 고시 기준(연속 2회 이상 갱신, 1~4등급 등) 충족 시 갱신 조사 생략 가능",SRC-LAW-ACT 제20조; SRC-LAW-RULE 제8조; SRC-NOTICE-GRADING 제3조(갱신조사 생략기준),OFFICIAL_VERIFIED,법령상 명확
R-FAC-01,시설급여 자격,1등급·2등급 수급자는 시설급여 이용 가능,SRC-NOTICE-BENEFIT 제2조제2항,OFFICIAL_VERIFIED,법령상 명확
R-FAC-02,시설급여 자격(예외),3~5등급 수급자는 등급판정위원회가 다음 중 하나로 시설급여가 필요하다고 인정한 경우 이용 가능: ① 주수발자인 가족구성원으로부터 수발이 곤란한 경우 ② 주거환경이 열악하여 시설입소가 불가피한 경우 ③ 치매 등에 따른 문제행동으로 재가급여를 이용할 수 없는 경우,SRC-NOTICE-BENEFIT 제2조제2항 각 호,OFFICIAL_VERIFIED,사유 목록은 명확. 해당 여부는 위원회 판단(현장 변동)
R-FAC-03,시설급여 자격,"인지지원등급 수급자는 주·야간보호(치매전담실 포함), 단기보호(고시 제36조의2제1항), 종일 방문요양, 기타재가급여만 이용 가능 → 시설급여 대상 아님",SRC-NOTICE-BENEFIT 제2조제3항,OFFICIAL_VERIFIED,법령상 명확
R-FAC-04,시설급여 자격,장기요양등급이 없거나(미신청·판정 중·등급외) 유효기간이 지난 경우 장기요양 시설급여를 받을 수 없음,SRC-LAW-ACT 제27조(인정서·이용계획서 도달 후 급여); SRC-NOTICE-BENEFIT 제2조,OFFICIAL_VERIFIED,"법령상 명확 (단, R-FAC-05 예외 확인)"
R-FAC-05,급여 개시,"급여는 인정서·개인별장기요양이용계획서 도달일부터. 예외: ① 주거를 같이하는 가족이 없거나 ② 같이 사는 가족이 미성년자 또는 65세 이상 노인뿐인 경우, 신청서 제출일부터 인정서 도달일까지도 급여 가능(재가·시설급여로 한정). 이 경우 증명서류를 첨부해 공단에 신청하고 공단이 확인·통보",SRC-LAW-ACT 제27조제1항·제2항; SRC-LAW-DECREE 제13조; SRC-LAW-RULE 별지 제18호(장기요양인정신청일부터 급여신청서),OFFICIAL_VERIFIED,법령상 명확. 사유 목록 전체와 신청 절차 원문 대조 필요
R-FAC-06,중복수급,재가급여·시설급여·특별현금급여는 중복하여 받을 수 없음(가족요양비+기타재가급여 등 예외),SRC-LAW-RULE 제17조,OFFICIAL_VERIFIED,법령상 명확
R-FAC-07,판단 분리,시설급여는 노인의료복지시설(요양병원 제외)에 장기 입소하는 급여. 요양병원 입원은 의료기관 이용으로 시설급여와 별개. 요양병원간병비는 '현재 유보' 표기,"SRC-LAW-ACT 제23조, 제26조; SRC-NHIS-BENEFIT 시설급여·특별현금급여",OFFICIAL_VERIFIED,구분은 법령상 명확. 요양병원간병비 '유보'는 공단 안내 기준
R-CHANGE-01,변경신청,"장기요양등급, 급여 종류·내용 변경(가족요양비로의 변경 제외)은 별지 제1호의2서식 변경신청서를 공단에 제출. 등급 변경 시에만 의사소견서 첨부 의무",SRC-LAW-ACT 제21조; SRC-LAW-RULE 제9조,OFFICIAL_VERIFIED,법령상 명확
R-CHANGE-02,변경신청 증빙,"3~5등급 시설급여 변경 시 법정 공통서류는 변경신청서(별지 제1호의2, 변경 사유 기재)뿐. 사유별 증빙은 법령·공통서식에 목록이 없으며, 공단이 사정 확인을 위해 사례별로 요구할 수 있음. 최종 인정은 등급판정위원회","SRC-LAW-RULE 제9조, 별지 제1호의2; SRC-NOTICE-BENEFIT 제2조제2항; SRC-2ND-FACILITY-CHANGE 실무 예시(참고만)",OFFICIAL_VERIFIED,법정서류는 명확. 사례별 추가자료는 공단 실무
R-CONTRACT-01,급여계약,"급여 개시 전 계약서(계약 당사자·기간·급여 종류·내용·비용·비급여 항목별 비용)를 문서로 체결, 2부 작성해 1부 수급자에게 발급. 기관은 본인 여부·등급·유효기간·급여종류·이용계획서·본인부담 감경 여부 확인, 제공계획·비용 설명 후 동의서 수령, 계약통보서(별지 제11호·11호의2)를 지체 없이 공단 통보. 의료급여수급권자는 입소·이용신청서(별지 제10호)를 시·군·구에 제출","SRC-LAW-RULE 제16조, 별지 제11호의2(계약통보서-시설)",OFFICIAL_VERIFIED,법령상 명확
R-ADMIT-01,입소,"노인요양시설·노인요양공동생활가정 입소대상에 장기요양급여수급자 포함(제18조). 입소하려는 사람은 국·공립병원, 보건소 또는 법령상 건강진단기관이 발행한 건강진단서를 시설장에게 제출(제19조제8항). 법령은 검사 세부항목·유효기간을 정하지 않음 → 시설에 확인","SRC-WELFARE-RULE 제18조, 제19조제8항",OFFICIAL_VIA_SUMMARY,제출 의무는 확인. 검사 항목(감염병 등)·인정기간은 시설별
R-COST-01,본인부담,"본인부담: 재가 15%, 시설 20%(시행령 제15조의8). 의료급여법 제3조제1항제1호 수급자(기초생활 의료급여 1종 등)는 본인부담 없음. 그 밖의 의료급여수급권자, 소득·재산 고시 기준 이하, 천재지변 등 생계곤란자는 본인부담금의 60% 범위에서 차등 감경. 비급여·인정서와 다른 급여 선택 차액·월 한도액 초과분은 전액 본인부담. 감면자는 인정서에 해당 증빙을 첨부해 기관에 제출(긴급 시 급여 신청일부터 7일 이내)","SRC-LAW-ACT 제40조; SRC-LAW-DECREE 제15조의8; SRC-LAW-RULE 제34조, 제35조",OFFICIAL_VERIFIED,법령상 명확. 소득·재산 기준 금액과 감경률(고시)은 미확보
R-COST-02,비급여,"식사재료비, 상급침실 이용 추가비용, 이·미용비 등은 비급여(본인 전액)",SRC-LAW-RULE 제14조,OFFICIAL_VERIFIED,법령상 명확
R-DOCFEE-01,의사소견서 비용,"발급의뢰서로 의사소견서를 받으면: 65세 이상·노인성질병자 본인 20%(공단 80%), 의료급여 1종 지자체 전액, 그 외 의료급여 본인 10%, 저소득·생계곤란자 본인 10%. 발급의뢰서 없이 받으면 전액 본인부담이나, 수급자 결정·등급변경·최초·갱신 신청 시 본인부담분 외 금액을 공단에 청구 가능",SRC-LAW-RULE 제4조,OFFICIAL_VERIFIED,구분 세부 원문 대조 필요
R-APPEAL-01,이의신청,"장기요양인정·등급·급여 등 공단 처분에 이의가 있으면 공단에 심사청구. 처분이 있음을 안 날부터 90일 이내 문서(전자문서 포함)로, 처분이 있은 날부터 180일이 지나면 불가(정당한 사유 증명 시 예외). 별지 제32호서식 심사청구서 + 주장 사실 증명서류","SRC-LAW-ACT 제55조; SRC-LAW-RULE 제39조, 별지 제32호",OFFICIAL_VERIFIED,법령상 명확
R-APPEAL-02,재심사·행정소송,심사청구 결정에 불복하면 결정통지를 받은 날부터 90일 이내 장기요양재심사위원회(복지부장관 소속)에 재심사청구(별지 제37호서식). 재심사 절차는 행정심판법 준용. 공단 처분 또는 심사·재심사 결정에 불복하면 행정소송 가능,"SRC-LAW-ACT 제56조, 제56조의2, 제57조; SRC-LAW-RULE 제40조, 별지 제37호",OFFICIAL_VERIFIED,법령상 명확. 소송 관련은 반드시 전문가 연결
R-CONFLICT-01,평가 기준 병행,"현행 고시는 52개 항목, 공단 안내는 65개 항목을 점수 산정에 쓴다고 표기. 52개는 모두 65개에 포함(추가 13개). 서비스는 두 기준을 병행: 질문은 65개로 받고 상태 정리는 v52·v65 각각 제공",SRC-NOTICE-GRADING 제2조; SRC-LAW-RULE-FORM5 별지 제5호; SRC-NHIS-APPLY 방문조사,OFFICIAL_VERIFIED,두 출처의 표기 자체는 원문으로 확인. 어느 쪽이 실제 산정 기준인지는 서비스 동작에 영향 없음(점수·등급을 계산하지 않으므로)
R-SHORT-01,단기보호,"단기보호 급여는 월 9일 이내. 가족 여행·병원치료 등 고시 사유 시 1회 9일 이내, 연 4회까지 연장 가능",SRC-LAW-RULE 제11조; SRC-NOTICE-BENEFIT 단기보호 제공기간 조항,OFFICIAL_VERIFIED,법령상 명확
R-FAC-08,시설급여 외박,"시설 수급자가 의료기관 입원 또는 시설장 허가로 외박한 경우 급여비용의 50%를 1회 최대 10일(월 15일)까지 산정하며, 기관은 계약 시 외박비용으로 생기는 본인부담을 사전 안내해야 함",SRC-NOTICE-BENEFIT 제45조②,OFFICIAL_VERIFIED,법령상 명확
R-PIPA-01,개인정보-민감정보,"건강 정보는 민감정보로, 다른 개인정보 처리 동의와 '별도로' 동의를 받거나 법령상 근거가 있어야 처리 가능. 처리 시 안전성 확보조치 의무",SRC-PIPA 제23조,OFFICIAL_VERIFIED,법령상 명확. '정보주체'는 어르신 본인 → 보호자 대리입력 시 동의 방식은 전문가 검토
R-PIPA-02,개인정보-동의,"동의는 사항별로 구분해 명확히 알리고 받아야 하며(수집·이용, 제3자 제공, 민감정보 등 각각), 선택 동의 거부를 이유로 서비스 제공을 거부할 수 없음. 수집 시 목적·항목·보유기간·거부권을 고지","SRC-PIPA 제15조②, 제22조①⑤",OFFICIAL_VERIFIED,법령상 명확
R-PIPA-03,개인정보-위탁,"외부 AI API 등 처리 위탁 시 목적 외 처리 금지·보호조치 등을 포함한 문서로 위탁, 수탁자 공개, 수탁자 교육·감독 의무",SRC-PIPA 제26조,OFFICIAL_VERIFIED,법령상 명확. API 이용이 위탁인지 제3자 제공인지 판단은 전문가 검토
R-PIPA-04,개인정보-국외이전,"국외 제공·처리위탁·보관(조회 포함)은 원칙 금지, 예외: 별도 동의(이전 항목·국가·시기·방법·수령자·목적·보유기간·거부방법 사전 고지), 계약 이행에 필요한 처리위탁·보관으로서 처리방침 공개 또는 개별 통지, 인증, 동등성 인정 등",SRC-PIPA 제28조의8,OFFICIAL_VERIFIED,법령상 명확. 해외 AI API 사용 시 어느 근거를 쓸지 전문가 검토
R-PIPA-05,개인정보-가명정보,통계작성·과학적 연구·공익적 기록보존 목적이면 동의 없이 가명정보 처리 가능. 제3자 제공 시 재식별 가능 정보 포함 금지,SRC-PIPA 제28조의2,OFFICIAL_VERIFIED,"법령상 명확. 모델 개선(V3)이 '과학적 연구'에 해당하는지 전문가 검토, 설계상은 별도 동의 유지"
R-PIPA-06,개인정보-자동화된 결정,"AI 포함 완전 자동화 결정이 권리·의무에 중대한 영향을 미치면 정보주체는 거부·설명 요구 가능, 처리자는 기준·절차 공개 의무",SRC-PIPA 제37조의2,OFFICIAL_VERIFIED,"이 서비스는 법적 결정을 하지 않는 '참고 안내'로 설계되어 해당 가능성은 낮으나, 판단 기준 공개·사람 검토 경로는 두는 것이 안전"
